* 连接数据库
```
C:\Users\allen> mysql -h 192.168.0.220 -P 31111 -u root -p
Enter password: ********
Welcome to the MySQL monitor.  Commands end with ; or \g.
Your MySQL connection id is 4
Server version: 5.6.47 MySQL Community Server (GPL)

Copyright (c) 2000, 2019, Oracle and/or its affiliates. All rights reserved.

Oracle is a registered trademark of Oracle Corporation and/or its
affiliates. Other names may be trademarks of their respective
owners.

Type 'help;' or '\h' for help. Type '\c' to clear the current input statement.
```

* 增删改查
```
mysql> use gotest;
Database changed
mysql> select * from gorm_user;
+----+---------------------+---------------------+------------+------+----------+----------+-----------+
| id | created_at          | updated_at          | deleted_at | salt | username | password | languages |
+----+---------------------+---------------------+------------+------+----------+----------+-----------+
|  1 | 2020-01-30 21:35:16 | 2020-01-30 21:35:16 | NULL       |      | aa       |          |           |
+----+---------------------+---------------------+------------+------+----------+----------+-----------+
1 row in set (0.00 sec)

mysql> insert into gorm_user
    -> (username)
    -> values
    -> ("abc");
Query OK, 1 row affected (0.00 sec)

mysql> insert into gorm_use^C
mysql> select * from gorm_user;
+----+---------------------+---------------------+------------+------+----------+----------+-----------+
| id | created_at          | updated_at          | deleted_at | salt | username | password | languages |
+----+---------------------+---------------------+------------+------+----------+----------+-----------+
|  1 | 2020-01-30 21:35:16 | 2020-01-30 21:35:16 | NULL       |      | aa       |          |           |
|  2 | NULL                | NULL                | NULL       | NULL | abc      | NULL     | NULL      |
+----+---------------------+---------------------+------------+------+----------+----------+-----------+
2 rows in set (0.00 sec)
```